[{
    "pk": 1, 
    "model": "sites.site", 
    "fields": 
    {
        "domain": "localhost:8000", 
        "name": "Filizver"
    }
}, 
{
    "pk": 1, 
    "model": "auth.group", 
    "fields": 
    {
        "name": "Filizver"
    }
}, 
{
    "pk": 1, 
    "model": "auth.user", 
    "fields": 
    {
        "username": "admin", 
        "first_name": "Admin", 
        "last_name": "User", 
        "is_active": true, 
        "is_superuser": true, 
        "is_staff": true, 
        "last_login": "2012-01-01 00:00:00", 
        "groups": [], 
        "user_permissions": [], 
        "password": "sha1$e467e$508942f1c9be858fd46dc976c2496ba133ba4122", 
        "email": "admin@example.com", 
        "date_joined": "2012-01-01 00:00:00"
    }
}, 
{
    "pk": 2, 
    "model": "auth.user", 
    "fields": 
    {
        "username": "test", 
        "first_name": "Test", 
        "last_name": "User", 
        "is_active": true, 
        "is_superuser": true, 
        "is_staff": false, 
        "last_login": "2012-01-01 00:00:00", 
        "groups": [], 
        "user_permissions": [], 
        "password": "sha1$3cb32$046d34b6eee347cb4ce099b266f1b9b3d066553a", 
        "email": "test@example.com",
        "date_joined": "2012-01-01 00:00:00"
    }
}, 
{
    "pk": 3, 
    "model": "auth.user", 
    "fields": 
    {
        "username": "demo", 
        "first_name": "Demo", 
        "last_name": "User", 
        "is_active": true, 
        "is_superuser": false, 
        "is_staff": false, 
        "last_login": "2012-01-01 00:00:00", 
        "groups": [], 
        "user_permissions": [], 
        "password": "sha1$1e2d3$0fd3f38117e48024ad68058252c42e9b9d69ca43", 
        "email": "demo@example.com",
        "date_joined": "2012-01-01 00:00:00"
    }
}, 
{
    "pk": 1,
    "model": "accounts.account",
    "fields": 
    {
        "user": 1,
        "activation_key": "ALREADY_ACTIVATED"
    }
},
{
    "pk": 2,
    "model": "accounts.account",
    "fields": 
    {
        "user": 2,
         "activation_key": "ALREADY_ACTIVATED"
    }
},
{
    "pk": 3,
    "model": "accounts.account",
    "fields": 
    {
        "user": 3,
         "activation_key": "ALREADY_ACTIVATED"
     }
},
{
    "pk": 1,
    "model": "filizver.topic",
    "fields": {
        "title": "Admin",
        "user": 1,
        "created_date": "2012-01-01T00:00:00"
    }
}, {
    "pk": 2,
    "model": "filizver.topic",
    "fields": {
        "title": "Test",
        "user": 2,
        "created_date": "2012-01-01T00:00:00"
    }
}, {
    "pk": 3,
    "model": "filizver.topic",
    "fields": {
        "title": "Demo",
        "user": 3,
        "created_date": "2012-01-01T00:00:00"
    }
}, 
{
    "pk": 1,
    "model": "filizver.profile",
    "fields": 
    {
        "user": 1,
        "topic": 1
    }
},
{
    "pk": 2,
    "model": "filizver.profile",
    "fields": 
    {
        "user": 2,
        "topic": 2
    }
},
{
    "pk": 3,
    "model": "filizver.profile",
    "fields": 
    {
        "user": 3,
        "topic": 3
    }
},
{
    "pk": 101,
    "model": "filizver.topic",
    "fields": {
        "title": "Category 1",
        "user": 2,
        "created_date": "2012-01-01T00:00:00"
    }
}, {
    "pk": 102,
    "model": "filizver.topic",
    "fields": {
        "title": "Category 2",
        "user": 2,
        "created_date": "2012-01-01T00:00:00"
    }
}, {
    "pk": 103,
    "model": "filizver.topic",
    "fields": {
        "title": "Forum 1",
        "user": 2,
        "created_date": "2012-01-01T00:00:00"
    }
}, {
    "pk": 104,
    "model": "filizver.topic",
    "fields": {
        "title": "Forum 2",
        "user": 2,
        "created_date": "2012-01-01T00:00:00"
    }
}, {
    "pk": 105,
    "model": "filizver.topic",
    "fields": {
        "title": "Forum 3",
        "user": 2,
        "created_date": "2012-01-01T00:00:00"
    }
}, {
    "pk": 106,
    "model": "filizver.topic",
    "fields": {
        "title": "Forum Thread 1",
        "user": 2,
        "created_date": "2012-01-01T00:00:00"
    }
}, {
    "pk": 107,
    "model": "filizver.topic",
    "fields": {
        "title": "Forum Thread 2",
        "user": 2,
        "created_date": "2012-01-01T00:00:00"
    }
}, {
    "pk": 108,
    "model": "filizver.topic",
    "fields": {
        "title": "Forum Thread 3",
        "user": 2,
        "created_date": "2012-01-01T00:00:00"
    }
}, {
    "pk": 109,
    "model": "filizver.topic",
    "fields": {
        "title": "Forum Thread 4",
        "user": 2,
        "created_date": "2012-01-01T00:00:00"
    }
}, {
    "pk": 110,
    "model": "filizver.topic",
    "fields": {
        "title": "Forum Thread 5",
        "user": 2,
        "created_date": "2012-01-01T00:00:00"
    }
}, {
    "pk": 111,
    "model": "filizver.topic",
    "fields": {
        "title": "Forum Thread 6",
        "user": 2,
        "created_date": "2012-01-01T00:00:00"
    }
}, {
    "pk": 112,
    "model": "filizver.topic",
    "fields": {
        "title": "Forum Thread 7",
        "user": 2,
        "created_date": "2012-01-01T00:00:00"
    }
}, {
    "pk": 113,
    "model": "filizver.topic",
    "fields": {
        "title": "Forum Thread 8",
        "user": 2,
        "created_date": "2012-01-01T00:00:00"
    }
}, {
    "pk": 114,
    "model": "filizver.topic",
    "fields": {
        "title": "Forum Thread 9",
        "user": 2,
        "created_date": "2012-01-01T00:00:00"
    }
}, {
    "pk": 1,
    "model": "forum.category",
    "fields": {
        "topic": 101,
        "position": 0,
        "groups": []
    }
}, {
    "pk": 2,
    "model": "forum.category",
    "fields": {
        "topic": 102,
        "position": 0,
        "groups": []
    }
}, {
    "pk": 1,
    "model": "forum.forum",
    "fields": {
        "category": 1,
        "topic": 103
    }
}, {
    "pk": 2,
    "model": "forum.forum",
    "fields": {
        "category": 1,
        "topic": 104
    }
}, {
    "pk": 3,
    "model": "forum.forum",
    "fields": {
        "category": 2,
        "topic": 105
    }
}, {
    "pk": 1,
    "model": "forum.thread",
    "fields": {
        "forum": 1,
        "topic": 106
    }
}, {
    "pk": 2,
    "model": "forum.thread",
    "fields": {
        "forum": 1,
        "topic": 107
    }
}, {
    "pk": 3,
    "model": "forum.thread",
    "fields": {
        "forum": 1,
        "topic": 108
    }
}, {
    "pk": 4,
    "model": "forum.thread",
    "fields": {
        "forum": 2,
        "topic": 109
    }
}, {
    "pk": 5,
    "model": "forum.thread",
    "fields": {
        "forum": 2,
        "topic": 110
    }
}, {
    "pk": 6,
    "model": "forum.thread",
    "fields": {
        "forum": 3,
        "topic": 111
    }
}, {
    "pk": 7,
    "model": "forum.thread",
    "fields": {
        "forum": 3,
        "topic": 112
    }
}, {
    "pk": 8,
    "model": "forum.thread",
    "fields": {
        "forum": 3,
        "topic": 113
    }
}, {
    "pk": 9,
    "model": "forum.thread",
    "fields": {
        "forum": 3,
        "topic": 114
    }
}]
